"notageral","notaespecifica"
0,0
0,0
0,0
0,0
0,0
0,0
0,28
0,41
0,34
0,14
0,4
0,14
0,0
0,43
0,0
0,0
0,40
0,0
0,41
0,25
0,0
0,21
0,32
0,32
0,39
0,35
0,14
0,14
0,18
0,35
0,18
0,0
0,0
0,39
2,21
2,41
3,46
4,53
4,20
5,0
6,42
7,30
8,32
8,52
8,35
8,20
8,51
8,7
8,22
8,39
8,21
8,56
8,21
8,21
8,21
8,21
8,21
8,39
8,18
8,33
8,14
8,14
8,59
8,14
8,14
8,28
8,28
8,43
8,28
8,28
8,18
8,49
8,28
8,28
8,28
8,28
8,33
8,54
8,61
8,32
8,46
8,11
8,7
8,18
8,57
8,18
8,11
8,41
8,11
8,50
8,35
8,11
8,48
8,25
8,32
8,25
8,25
8,25
8,11
8,25
8,53
9,28
9,49
9,18
9,18
9,14
9,14
9,14
10,35
10,43
11,29
11,25
11,20
12,14
12,18
12,14
12,11
12,29
12,14
13,28
13,26
13,14
13,12
13,18
14,14
14,21
14,37
14,36
14,4
14,44
14,45
14,7
14,24
14,14
15,39
15,28
15,29
15,29
15,35
15,35
15,35
15,35
15,34
15,35
15,35
15,35
15,35
15,35
15,45
15,14
15,45
15,51
15,14
15,14
15,45
15,44
15,62
15,17
15,14
15,46
15,46
15,18
15,18
15,18
15,18
15,18
15,55
15,37
15,20
15,33
15,48
15,58
15,14
15,46
15,21
15,21
15,21
15,21
15,21
15,21
15,21
15,21
15,21
15,61
15,14
15,22
15,32
15,42
15,42
15,52
15,32
15,32
15,32
15,32
15,43
15,32
15,32
15,32
15,32
15,51
15,64
15,55
15,58
15,25
15,25
15,25
15,25
15,25
15,25
15,44
15,25
15,25
15,25
15,25
15,25
15,25
15,25
15,25
15,44
15,53
15,31
15,26
15,57
15,26
15,53
15,39
15,39
15,39
15,39
15,39
15,39
15,39
15,41
15,35
15,41
15,27
15,50
15,11
15,14
15,47
15,40
15,11
15,28
15,28
15,11
15,28
15,40
15,40
15,28
15,28
15,28
16,21
16,14
16,19
16,49
16,35
16,18
16,34
16,25
17,28
17,11
17,11
18,39
18,18
18,32
18,31
18,28
18,18
18,14
18,54
18,19
18,14
19,21
19,11
19,39
19,25
19,43
19,22
19,42
19,51
19,35
19,32
19,32
19,25
19,14
19,14
19,46
19,21
19,29
19,21
19,27
19,18
19,25
19,28
19,21
19,37
19,25
20,7
20,30
20,12
20,22
20,25
20,52
20,11
20,27
20,25
20,30
20,21
20,69
20,25
20,0
20,21
21,21
21,25
21,50
21,17
21,25
21,11
21,62
21,28
21,28
21,18
21,23
21,35
21,18
21,26
21,19
21,21
21,21
21,40
21,47
21,25
22,28
22,28
22,29
22,32
22,33
22,25
22,25
22,25
22,25
22,18
22,18
22,7
22,25
22,35
22,46
22,49
22,11
22,35
22,18
22,21
22,39
22,5
22,24
22,36
22,64
22,18
22,38
22,51
22,28
23,72
23,50
23,26
23,39
23,19
23,44
23,19
23,35
23,32
23,35
23,19
23,58
23,4
23,19
23,11
23,49
23,19
23,20
23,20
23,30
23,14
23,14
23,46
23,14
23,53
23,40
23,50
23,45
23,35
23,14
23,14
23,35
23,46
23,35
23,47
23,35
23,76
23,35
23,35
23,56
23,41
23,40
23,40
23,43
23,63
23,35
23,65
23,25
23,35
23,35
23,26
23,46
23,21
23,26
23,21
23,21
23,21
23,21
23,61
23,21
23,21
23,21
23,21
23,55
23,59
23,29
23,26
23,64
23,29
23,7
23,29
23,44
23,45
23,7
23,38
23,26
23,26
23,42
23,45
23,46
23,29
23,33
23,50
23,40
23,46
23,33
23,23
23,29
23,42
23,36
23,49
23,28
23,28
23,39
23,28
23,42
23,28
23,42
23,28
23,58
23,46
23,32
23,43
23,32
23,33
23,24
23,28
23,28
23,43
23,28
23,28
23,43
23,36
23,64
23,54
23,54
23,51
23,36
23,46
23,13
23,49
23,32
23,39
23,39
23,50
23,37
23,53
23,39
23,39
23,43
23,39
23,39
23,39
23,39
23,53
23,39
23,32
23,47
23,39
23,32
23,39
23,45
23,39
23,43
23,43
23,37
23,39
23,39
23,46
23,25
23,25
23,25
23,25
23,25
23,37
23,25
23,25
23,66
23,32
23,32
23,25
23,25
23,48
23,13
23,34
23,46
23,52
23,18
23,18
23,18
23,18
23,25
23,18
23,18
23,18
23,18
23,25
23,25
23,56
23,52
23,34
23,34
23,52
23,33
23,70
23,11
23,26
23,32
24,40
24,18
24,40
24,24
24,18
24,44
24,21
24,21
24,21
24,59
24,35
24,28
24,28
24,35
24,32
24,43
24,25
24,11
24,37
24,11
24,29
24,33
24,39
24,7
24,39
24,32
24,33
24,31
24,26
25,28
25,42
25,19
25,26
25,44
25,48
25,56
25,35
25,17
25,35
25,51
25,32
25,32
25,23
25,35
25,32
25,21
25,45
25,21
25,21
25,25
25,32
25,39
25,25
26,35
26,11
26,21
26,21
26,25
26,23
26,25
26,18
26,39
26,18
26,7
26,16
26,31
26,14
26,14
26,35
26,11
26,25
26,25
26,14
26,20
26,30
26,25
27,9
27,14
27,69
27,13
27,21
27,33
27,18
27,30
27,72
27,38
27,41
27,11
27,42
27,43
27,28
27,25
27,34
27,52
27,14
27,19
27,25
27,36
27,25
27,47
27,25
27,28
27,32
27,18
27,37
27,33
27,65
27,21
27,16
27,25
28,9
28,25
28,7
28,22
28,35
28,66
28,39
28,36
28,38
28,25
28,28
28,25
28,25
28,20
28,21
28,38
28,21
28,34
28,25
28,33
28,51
28,14
28,11
28,45
28,29
28,25
28,18
28,50
28,36
28,29
28,32
28,25
28,25
28,48
28,18
28,39
29,21
29,40
29,40
29,39
29,12
29,14
29,16
29,38
29,18
29,18
29,38
29,8
29,21
29,21
29,21
29,37
29,22
29,22
29,22
29,37
29,42
29,62
29,35
29,48
29,25
29,25
29,26
29,26
29,26
29,45
29,40
29,45
29,28
29,32
29,28
29,32
29,32
29,32
30,28
30,39
30,28
30,43
30,44
30,32
30,32
30,32
30,28
30,43
30,28
30,28
30,74
30,28
30,59
30,28
30,28
30,19
30,43
30,44
30,35
30,32
30,32
30,61
30,66
30,58
30,50
30,66
30,53
30,32
30,32
30,28
30,32
30,19
30,50
30,47
30,50
30,16
30,49
30,58
30,35
30,32
30,19
30,32
30,4
30,37
30,4
30,49
30,16
30,46
30,32
30,35
30,39
30,53
30,46
30,30
30,33
30,46
30,39
30,46
30,41
30,18
30,18
30,44
30,67
30,18
30,54
30,45
30,47
30,18
30,18
30,18
30,39
30,46
30,18
30,18
30,58
30,18
30,18
30,58
30,49
30,39
30,46
30,33
30,52
30,54
30,39
30,39
30,49
30,44
30,39
30,36
30,23
30,35
30,24
30,39
30,36
30,23
30,39
30,55
30,39
30,55
30,39
30,35
30,52
30,55
30,48
30,36
30,54
30,56
30,35
30,24
30,44
30,54
30,51
30,35
30,36
30,63
30,44
30,55
30,41
30,25
30,56
30,56
30,56
30,38
30,22
30,30
30,35
30,25
30,25
30,25
30,25
30,40
30,25
30,11
30,25
30,25
30,34
30,25
30,35
30,25
30,25
30,35
30,25
30,25
30,25
30,41
30,25
30,36
30,25
30,11
30,25
30,25
30,46
30,25
30,25
30,43
30,25
30,42
30,11
30,25
30,42
30,35
30,21
30,21
30,36
30,21
30,34
30,21
30,64
30,21
30,64
30,49
30,21
30,21
30,48
30,21
30,21
30,38
30,30
30,46
30,21
30,21
30,21
30,21
30,39
30,21
30,26
30,49
30,21
30,21
30,21
30,35
30,21
30,21
30,69
30,70
30,44
30,43
30,21
30,44
30,57
30,57
30,50
30,57
30,38
30,21
30,52
30,7
30,26
30,57
30,7
30,14
30,14
30,14
30,44
30,14
30,14
30,46
30,28
30,34
30,14
30,35
30,60
30,43
30,28
30,46
30,32
30,7
30,28
30,28
30,37
30,43
30,35
30,71
30,28
30,59
30,39
30,28
30,43
30,28
30,28
30,53
30,46
30,43
30,28
30,35
30,28
30,26
30,32
30,28
30,32
30,53
30,32
30,74
30,28
30,48
30,28
30,28
30,28
30,43
31,27
31,20
31,32
31,39
31,46
31,11
31,35
31,41
31,60
31,26
31,30
31,39
31,32
31,40
31,29
31,44
31,21
31,25
31,28
31,17
31,50
31,28
31,18
31,21
31,31
31,32
31,26
31,37
31,36
31,29
31,35
31,41
31,11
31,51
31,35
31,35
31,25
31,25
31,22
31,25
31,32
31,25
31,33
31,28
31,39
31,18
31,35
31,44
31,39
31,43
31,35
31,19
31,30
31,16
31,22
31,26
31,28
31,19
31,29
31,31
32,23
32,23
32,29
32,46
32,35
32,24
32,24
32,34
32,36
32,21
32,21
32,21
32,21
32,25
32,25
32,75
32,33
32,19
32,33
32,19
32,55
32,36
32,26
32,18
32,37
32,37
32,17
32,37
32,32
32,16
32,32
32,27
32,16
32,28
32,14
32,43
32,67
32,40
32,11
32,39
32,53
32,46
32,39
32,28
32,30
32,28
32,39
32,29
33,46
33,37
33,25
33,12
33,42
33,14
33,18
33,25
33,36
33,31
33,31
33,29
33,19
33,15
33,28
33,46
33,29
33,19
33,14
33,19
33,28
33,37
33,29
33,46
33,35
33,21
33,39
33,21
33,18
33,21
33,54
33,31
33,38
33,39
33,37
33,28
33,21
33,18
33,32
33,32
33,21
33,47
33,30
33,33
33,32
33,40
33,32
33,32
33,11
33,37
33,35
33,32
33,40
33,25
34,43
34,26
34,41
34,40
34,28
34,18
34,42
34,18
34,18
34,42
34,14
34,14
34,47
34,18
34,7
34,18
34,32
34,32
34,32
34,32
34,36
34,25
34,28
34,25
34,25
34,35
34,25
34,35
34,35
34,35
34,19
34,51
34,27
34,35
34,27
34,35
34,34
34,44
34,42
34,11
34,24
34,48
34,11
34,35
34,11
34,11
34,60
34,46
34,33
34,46
34,38
34,22
34,45
34,41
34,33
34,33
34,33
34,54
34,51
34,21
34,21
34,42
34,21
34,22
34,39
34,41
34,32
35,22
35,14
35,22
35,64
35,43
35,60
35,41
35,16
35,45
35,28
35,14
35,15
35,30
35,25
35,30
35,18
35,38
35,11
35,25
35,32
35,14
35,18
35,54
35,32
35,32
35,21
35,31
35,54
35,35
35,21
35,35
35,35
35,18
35,32
35,39
35,19
35,29
35,43
35,25
35,25
35,32
35,40
35,25
35,28
35,63
35,35
35,27
35,26
35,23
35,11
35,32
35,35
35,11
35,40
35,28
35,40
35,30
35,39
35,27
35,25
35,25
35,46
35,31
35,27
35,11
35,14
35,22
35,53
36,34
36,31
36,25
36,34
36,11
36,29
36,48
36,27
36,32
36,33
36,32
36,28
36,38
36,28
36,30
36,14
36,25
36,28
36,32
36,32
36,40
36,25
36,45
36,25
36,49
36,39
36,36
36,22
36,25
36,14
36,21
36,37
36,14
36,28
36,31
36,21
36,22
36,33
36,25
36,25
36,33
36,35
36,31
36,50
36,25
36,18
36,18
36,51
36,40
36,37
36,26
36,24
36,26
36,43
36,28
36,59
36,43
36,59
36,39
37,33
37,43
37,13
37,45
37,13
37,14
37,14
37,14
37,18
37,18
37,18
37,18
37,18
37,19
37,21
37,21
37,46
37,25
37,25
37,25
37,25
37,25
37,46
37,46
37,71
37,26
37,28
37,28
37,28
37,28
37,28
37,28
37,28
37,28
37,41
37,41
37,65
37,40
37,30
37,31
37,45
37,32
37,32
37,32
37,32
37,32
37,32
37,32
37,32
37,32
37,49
37,33
37,33
37,33
37,49
37,33
37,39
37,39
37,58
37,57
37,39
37,39
37,51
37,35
37,35
37,36
37,55
37,51
37,36
37,38
37,36
37,54
38,58
38,54
38,71
38,54
38,50
38,53
38,64
38,51
38,64
38,38
38,25
38,25
38,71
38,30
38,25
38,36
38,25
38,25
38,25
38,46
38,15
38,25
38,25
38,46
38,25
38,48
38,25
38,25
38,25
38,25
38,20
38,52
38,64
38,25
38,43
38,43
38,38
38,29
38,14
38,39
38,43
38,56
38,39
38,59
38,50
38,14
38,14
38,19
38,78
38,14
38,56
38,35
38,35
38,50
38,39
38,35
38,35
38,35
38,21
38,19
38,35
38,35
38,35
38,35
38,35
38,7
38,28
38,43
38,35
38,21
38,21
38,39
38,21
38,43
38,46
38,21
38,21
38,21
38,21
38,34
38,21
38,34
38,81
38,21
38,50
38,49
38,51
38,21
38,39
38,34
38,42
38,39
38,57
38,58
38,59
38,49
38,18
38,35
38,43
38,18
38,66
38,33
38,43
38,18
38,33
38,18
38,50
38,18
38,18
38,29
38,18
38,21
38,18
38,49
38,49
38,18
38,35
38,77
38,35
38,39
38,46
38,35
38,35
38,43
38,38
38,60
38,19
38,58
38,50
38,21
38,53
38,32
38,60
38,60
38,27
38,58
38,28
38,53
38,40
38,16
38,35
38,40
38,57
38,35
38,45
38,35
38,46
38,46
38,35
38,39
38,51
38,46
38,32
38,32
38,33
38,27
38,61
38,57
38,39
38,32
38,28
38,28
38,16
38,35
38,35
38,28
38,50
38,32
38,32
38,28
38,28
38,50
38,61
38,35
38,43
38,22
38,32
38,32
38,32
38,87
38,32
38,32
38,52
38,38
38,32
38,43
38,52
38,19
38,74
38,56
38,50
38,37
38,26
38,46
38,41
38,62
38,29
38,74
38,62
38,32
38,54
38,32
38,40
38,43
38,39
38,35
38,55
38,22
38,74
38,36
38,67
38,43
38,35
38,51
38,35
38,37
38,29
38,54
38,43
38,31
38,11
38,19
38,73
38,29
38,54
38,44
38,44
38,42
38,29
38,67
38,23
38,29
38,28
38,28
38,23
38,47
38,42
38,11
38,11
38,62
38,52
38,11
38,51
38,73
38,31
38,28
38,47
38,51
38,51
38,40
38,58
38,25
38,28
38,28
38,35
38,70
38,66
38,28
38,28
38,47
38,28
38,28
38,28
38,42
38,28
38,50
38,42
38,44
38,30
38,28
38,28
38,48
38,30
38,40
38,48
38,15
38,70
38,54
38,37
38,67
38,46
38,69
38,63
38,24
38,43
38,25
38,28
38,24
38,71
38,67
38,34
38,48
38,54
39,32
39,33
39,28
39,26
39,35
39,28
39,36
39,34
39,18
39,18
39,18
39,28
39,50
39,36
39,15
39,28
39,26
39,42
39,34
39,50
39,56
39,47
39,29
39,25
39,43
39,47
39,29
39,25
39,52
39,29
39,26
39,25
39,25
39,30
39,30
39,27
39,24
39,35
39,35
39,27
39,8
39,30
39,41
39,43
39,23
39,26
39,31
39,45
39,23
39,35
39,22
39,54
39,11
39,31
39,22
39,31
39,48
39,35
39,26
39,60
39,32
39,21
39,32
39,21
39,32
39,35
39,32
39,32
39,32
39,39
39,21
39,21
39,21
39,32
39,39
39,21
39,21
39,43
39,21
39,39
39,21
39,46
39,32
39,32
39,45
39,43
39,39
39,58
39,44
39,58
39,33
39,28
39,33
39,14
39,43
39,28
39,26
39,57
39,28
39,50
39,47
39,33
39,57
39,28
40,35
40,23
40,37
40,55
40,18
40,51
40,62
40,15
40,25
40,29
40,29
40,68
40,18
40,32
40,65
40,26
40,66
40,15
40,62
40,22
40,48
40,18
40,45
40,35
40,41
40,18
40,25
40,7
40,47
40,36
40,25
40,21
40,29
40,18
40,20
40,16
40,32
40,28
40,27
40,45
40,25
40,36
40,25
40,35
40,18
40,18
40,32
40,21
40,21
40,25
40,32
40,23
40,21
40,40
40,20
40,39
40,26
40,53
40,48
40,11
40,33
40,25
40,24
40,35
40,43
40,55
40,44
40,39
40,34
40,35
40,8
40,21
40,54
40,32
40,18
40,24
40,28
40,25
40,21
40,25
40,11
40,37
40,18
40,59
40,39
40,40
40,21
40,30
40,46
40,43
40,43
40,35
40,41
40,49
40,35
40,38
40,41
40,21
40,19
41,51
41,47
41,14
41,33
41,19
41,41
41,14
41,18
41,32
41,25
41,14
41,25
41,20
41,29
41,41
41,60
41,35
41,47
41,26
41,21
41,48
41,25
41,46
41,25
41,63
41,25
41,19
41,39
41,55
41,18
41,18
41,38
41,23
41,28
41,32
41,53
41,40
41,43
41,45
41,45
41,28
41,18
41,18
41,29
41,42
41,26
41,32
41,35
41,41
41,30
41,24
41,25
41,18
41,28
41,14
41,44
41,34
41,32
41,32
41,30
41,42
41,24
41,32
41,20
41,44
41,25
41,28
41,41
41,37
41,28
41,46
41,35
41,30
41,70
41,26
41,30
41,29
41,25
41,25
41,55
41,27
41,35
41,18
41,10
41,25
41,38
41,35
41,14
41,35
41,33
41,21
41,25
41,43
41,18
41,6
41,25
41,53
41,25
41,25
41,23
41,37
41,55
42,45
42,32
42,29
42,32
42,39
42,25
42,65
42,28
42,27
42,26
42,29
42,40
42,27
42,37
42,35
42,35
42,34
42,30
42,22
42,61
42,41
42,30
42,30
42,40
42,35
42,26
42,21
42,45
42,21
42,25
42,38
42,21
42,37
42,42
42,53
42,15
42,15
42,32
42,11
42,60
42,55
42,54
42,11
42,25
42,47
42,14
42,31
42,14
42,59
42,43
42,33
42,25
42,38
42,35
42,43
42,35
42,18
42,25
42,38
42,32
42,31
42,35
42,35
42,31
42,25
42,40
42,49
42,33
42,26
42,17
42,25
42,25
42,13
42,25
42,37
42,56
42,18
42,34
42,32
42,18
42,32
42,32
42,39
42,29
42,36
42,39
42,26
42,69
42,25
42,32
42,32
42,53
42,50
42,29
42,28
42,39
42,35
43,20
43,32
43,23
43,32
43,23
43,30
43,48
43,46
43,45
43,29
43,20
43,26
43,25
43,44
43,56
43,35
43,43
43,44
43,44
43,21
43,40
43,28
43,28
43,28
43,28
43,28
43,28
43,25
43,28
43,25
43,43
43,25
43,76
43,25
43,37
43,21
43,32
43,30
43,21
43,35
43,14
43,21
43,28
43,29
43,39
43,29
43,63
43,51
43,32
43,25
43,55
43,40
43,15
43,22
43,37
43,51
43,28
43,37
43,14
43,32
43,49
43,38
43,35
43,34
43,33
43,45
43,32
43,18
43,37
43,14
43,32
43,30
43,54
43,29
43,40
43,47
43,58
43,25
43,34
43,32
43,35
43,40
43,65
43,43
43,32
43,32
43,16
43,32
43,40
43,18
43,33
44,67
44,59
44,46
44,28
44,24
44,39
44,33
44,59
44,46
44,31
44,18
44,28
44,11
44,17
44,37
44,18
44,37
44,42
44,55
44,51
44,54
44,7
44,35
44,49
44,38
44,30
44,14
44,23
44,28
44,28
44,65
44,18
44,25
44,14
44,49
44,45
44,37
44,14
44,43
44,49
44,18
44,36
44,42
44,35
44,26
44,35
44,41
44,18
44,57
44,18
44,63
44,46
44,53
44,35
44,44
44,25
44,31
44,50
44,18
44,37
44,53
44,30
44,35
44,25
44,20
44,25
44,60
44,29
44,23
44,29
44,51
44,26
44,31
44,32
44,29
44,26
44,43
44,41
44,32
44,26
44,28
44,68
44,35
44,29
44,25
44,21
44,31
44,46
44,39
44,32
44,21
44,32
44,26
44,37
44,21
44,21
44,21
44,21
44,28
44,41
44,38
44,18
44,70
44,35
44,37
44,29
44,18
44,68
44,23
44,43
44,26
44,35
44,56
44,7
44,26
44,35
44,23
44,28
44,36
44,23
44,34
44,28
44,28
44,28
44,51
45,65
45,25
45,41
45,39
45,25
45,39
45,39
45,39
45,44
45,39
45,26
45,26
45,64
45,26
45,39
45,39
45,26
45,64
45,64
45,39
45,39
45,26
45,39
45,45
45,40
45,63
45,26
45,39
45,63
45,27
45,63
45,26
45,26
45,39
45,63
45,23
45,39
45,39
45,50
45,39
45,38
45,23
45,38
45,27
45,45
45,62
45,68
45,40
45,62
45,68
45,62
45,40
45,43
45,45
45,69
45,61
45,61
45,28
45,41
45,28
45,28
45,28
45,28
45,28
45,43
45,28
45,28
45,28
45,28
45,28
45,28
45,60
45,21
45,69
45,60
45,21
45,21
45,60
45,21
45,60
45,21
45,21
45,28
45,21
45,21
45,43
45,60
45,60
45,40
45,39
45,60
45,59
45,20
45,59
45,42
45,29
45,29
45,49
45,46
45,73
45,46
45,58
45,46
45,58
45,58
45,43
45,58
45,46
45,46
45,46
45,43
45,58
45,37
45,19
45,58
45,74
45,37
45,19
45,57
45,34
45,37
45,57
45,57
45,37
45,43
45,30
45,19
45,76
45,19
45,30
45,34
45,76
45,37
45,76
45,31
45,18
45,18
45,18
45,18
45,18
45,18
45,43
45,43
45,18
45,18
45,18
45,36
45,37
45,43
45,76
45,42
45,37
45,37
45,40
45,40
45,77
45,43
45,43
45,47
45,43
45,16
45,48
45,43
45,43
45,32
45,32
45,55
45,15
45,32
45,32
45,55
45,32
45,32
45,55
45,32
45,32
45,55
45,15
45,32
45,15
45,15
45,48
45,14
45,14
45,32
45,14
45,14
45,14
45,14
45,81
45,54
45,32
45,36
45,53
45,36
45,36
45,53
45,53
45,53
45,53
45,50
45,33
45,33
45,33
45,11
45,33
45,11
45,11
45,48
45,36
45,52
45,50
45,86
45,52
45,40
45,52
45,48
45,35
45,7
45,7
45,35
45,49
45,35
45,50
45,35
45,50
45,35
45,35
45,35
45,50
45,35
45,50
45,35
45,35
45,51
45,35
45,51
45,35
45,35
45,50
45,49
45,50
45,35
45,35
45,51
45,34
45,35
45,25
45,25
45,25
45,65
45,65
45,25
45,25
45,65
45,25
45,25
45,25
45,39
45,44
45,25
45,66
45,25
45,25
46,45
46,0
46,40
46,35
46,41
46,61
46,36
46,25
46,37
46,37
46,58
46,39
46,9
46,41
46,46
46,35
46,25
46,25
46,51
46,27
46,46
46,29
46,28
46,62
46,50
46,45
46,51
46,62
46,39
46,25
46,46
46,46
46,25
46,28
46,37
46,33
46,39
46,33
46,43
46,39
46,51
46,27
46,39
46,33
46,35
46,49
46,35
46,39
46,39
46,50
46,28
46,32
46,28
46,32
46,34
46,36
46,54
46,38
46,32
46,32
46,32
46,7
46,50
46,40
46,60
46,38
46,32
46,14
46,32
46,21
46,14
46,69
46,37
46,21
46,21
46,21
46,32
46,32
46,21
46,23
46,21
46,63
46,19
46,50
46,40
46,36
46,33
46,31
46,33
46,35
46,40
46,51
46,68
46,44
46,16
46,28
46,46
46,38
46,19
46,25
46,48
46,43
46,12
46,26
46,47
46,38
46,46
46,36
46,31
46,47
46,30
46,18
46,24
46,18
46,33
46,30
46,33
46,18
46,18
46,35
46,56
46,44
46,74
46,18
47,35
47,32
47,31
47,14
47,14
47,54
47,32
47,35
47,15
47,40
47,35
47,35
47,34
47,31
47,54
47,66
47,31
47,36
47,16
47,16
47,44
47,40
47,31
47,31
47,32
47,55
47,32
47,46
47,30
47,18
47,11
47,18
47,18
47,18
47,18
47,18
47,11
47,18
47,11
47,52
47,25
47,11
47,30
47,18
47,62
47,18
47,46
47,18
47,75
47,46
47,11
47,48
47,11
47,18
47,50
47,56
47,36
47,33
47,39
47,29
47,34
47,19
47,39
47,33
47,23
47,44
47,29
47,46
47,25
47,29
47,29
47,19
47,42
47,32
47,29
47,29
47,48
47,32
47,39
47,28
47,28
47,28
47,28
47,71
47,28
47,44
47,32
47,39
47,28
47,41
47,28
47,42
47,25
47,28
47,28
47,39
47,33
47,33
47,28
47,44
47,70
47,28
47,28
47,43
47,45
47,59
47,48
47,43
47,7
47,33
47,7
47,37
47,60
47,50
47,21
47,21
47,25
47,48
47,37
47,21
47,21
47,21
47,21
47,43
47,43
47,48
47,25
47,21
47,21
47,24
47,21
47,51
47,21
47,41
47,38
47,40
47,25
47,34
47,24
47,49
47,64
47,25
47,25
47,44
47,25
47,24
47,25
47,62
47,26
47,33
47,26
47,22
47,53
47,47
47,35
48,63
48,40
48,40
48,40
48,11
48,14
48,18
48,18
48,18
48,18
48,19
48,19
48,20
48,20
48,68
48,68
48,21
48,21
48,21
48,21
48,21
48,21
48,22
48,67
48,23
48,65
48,24
48,25
48,25
48,25
48,25
48,63
48,25
48,25
48,25
48,26
48,26
48,26
48,26
48,61
48,60
48,27
48,27
48,59
48,28
48,59
48,28
48,59
48,28
48,28
48,28
48,28
48,28
48,28
48,28
48,28
48,56
48,29
48,29
48,55
48,55
48,30
48,30
48,30
48,54
48,30
48,54
48,54
48,54
48,54
48,31
48,53
48,53
48,53
48,31
48,32
48,53
48,52
48,52
48,52
48,32
48,32
48,32
48,52
48,32
48,32
48,32
48,32
48,32
48,51
48,32
48,51
48,51
48,50
48,33
48,50
48,33
48,33
48,49
48,49
48,34
48,48
48,34
48,34
48,34
48,48
48,47
48,35
48,48
48,47
48,35
48,47
48,47
48,35
48,35
48,46
48,46
48,46
48,46
48,46
48,36
48,46
48,45
48,36
48,36
48,45
48,37
48,37
48,36
48,37
48,37
48,37
48,44
48,44
48,37
48,37
48,37
48,44
48,37
48,43
48,38
48,38
48,43
48,43
48,38
48,38
48,38
48,39
48,39
48,39
48,39
48,41
48,39
48,39
48,41
49,33
49,14
49,58
49,44
49,26
49,25
49,35
49,35
49,64
49,65
49,28
49,25
49,28
49,28
49,28
49,32
49,37
49,56
49,56
49,29
49,28
49,32
49,47
49,28
49,15
49,28
49,51
49,26
49,23
49,43
49,23
49,33
49,23
49,72
49,34
49,40
49,34
49,37
49,41
49,52
49,47
49,34
49,39
49,32
49,32
49,38
49,32
49,35
49,37
49,40
49,50
49,72
49,25
49,22
49,48
49,52
49,63
49,38
49,20
49,31
49,32
49,52
49,26
49,38
49,25
49,42
49,21
49,37
49,31
49,31
49,42
49,21
49,21
49,67
49,38
49,33
49,34
49,37
49,21
49,38
49,25
49,47
49,26
49,31
49,25
49,48
49,25
49,35
49,51
49,50
49,49
49,43
49,7
49,41
49,25
49,40
49,7
49,53
49,44
49,53
49,50
49,33
49,7
49,20
49,50
49,64
49,33
49,50
49,60
49,32
49,39
49,30
49,46
49,46
49,73
49,30
49,27
49,54
49,11
49,18
49,11
49,64
49,40
49,59
49,32
49,24
49,35
49,30
49,49
49,11
49,59
49,35
49,18
49,39
49,34
49,54
49,38
49,61
49,33
49,32
49,39
49,25
49,30
49,14
49,35
49,35
49,35
49,44
49,70
49,35
49,39
49,57
49,57
49,29
49,28
49,25
49,20
49,28
49,35
49,20
49,25
49,36
49,35
49,50
49,26
49,35
50,14
50,65
50,32
50,39
50,48
50,21
50,57
50,35
50,55
50,25
50,15
50,39
50,51
50,32
50,45
50,16
50,21
50,28
50,32
50,42
50,25
50,66
50,25
50,14
50,57
50,35
50,25
50,38
50,29
50,21
50,31
50,21
50,19
50,32
50,35
50,23
50,48
50,15
50,35
50,32
50,49
50,21
50,35
50,62
50,32
50,23
50,32
50,58
50,40
50,46
50,15
50,46
50,40
50,25
50,42
50,63
50,39
50,28
50,37
50,58
50,56
50,30
50,55
50,44
50,42
50,28
50,48
50,35
50,25
50,43
50,35
50,35
50,25
50,28
50,56
50,28
50,44
50,46
50,28
50,25
50,35
50,31
50,46
50,35
50,64
50,28
50,28
50,26
50,33
50,35
50,48
50,75
50,28
50,44
50,54
50,36
50,51
50,22
50,40
50,43
50,31
50,24
50,29
50,46
50,48
50,32
50,43
50,18
50,25
50,46
50,33
50,25
50,46
50,30
50,52
50,18
50,33
50,26
50,43
50,30
50,27
50,22
50,30
50,25
50,30
50,18
50,36
50,46
50,11
50,22
50,39
50,59
50,60
50,53
50,44
50,46
50,58
50,25
50,43
50,39
50,72
50,43
51,8
51,61
51,61
51,18
51,42
51,47
51,32
51,39
51,62
51,37
51,62
51,24
51,37
51,46
51,32
51,24
51,37
51,37
51,63
51,41
51,46
51,64
51,64
51,23
51,46
51,51
51,64
51,37
51,22
51,22
51,32
51,39
51,37
51,64
51,21
51,21
51,21
51,41
51,51
51,66
51,41
51,41
51,39
51,66
51,41
51,34
51,32
51,49
51,39
51,30
51,30
51,34
51,52
51,47
51,52
51,52
51,7
51,38
51,32
51,30
51,53
51,11
51,11
51,32
51,33
51,35
51,80
51,35
51,32
51,32
51,49
51,45
51,45
51,29
51,47
51,38
51,32
51,54
51,1
51,28
51,28
51,28
51,28
51,28
51,28
51,28
51,55
51,28
51,28
51,32
51,44
51,44
51,35
51,14
51,28
51,14
51,47
51,56
51,14
51,33
51,35
51,35
51,28
51,57
51,57
51,35
51,57
51,27
51,35
51,27
51,35
51,35
51,48
51,35
51,32
51,41
51,39
51,35
51,26
51,35
51,48
51,26
51,26
51,26
51,39
51,25
51,43
51,47
51,34
51,36
51,39
51,31
51,46
51,25
51,25
51,33
51,18
51,25
51,41
51,39
51,43
51,61
51,41
51,46
52,32
52,23
52,46
52,42
52,28
52,40
52,31
52,39
52,53
52,34
52,50
52,32
52,27
52,32
52,74
52,31
52,69
52,37
52,27
52,16
52,53
52,53
52,40
52,11
52,38
52,11
52,23
52,67
52,53
52,34
52,50
52,40
52,58
52,26
52,33
52,34
52,43
52,33
52,40
52,18
52,43
52,53
52,39
52,26
52,18
52,45
52,29
52,39
52,29
52,47
52,53
52,30
52,35
52,32
52,30
52,72
52,30
52,39
52,59
52,30
52,39
52,52
52,32
52,31
52,41
52,33
52,33
52,30
52,32
52,39
52,30
52,32
52,41
52,47
52,35
52,32
52,49
52,48
52,39
52,23
52,71
52,35
52,25
52,66
52,32
52,65
52,33
52,25
52,43
52,43
52,25
52,51
52,19
52,19
52,25
52,30
52,25
52,25
52,25
52,20
52,41
52,32
52,21
52,38
52,21
52,64
52,25
52,21
52,21
52,25
52,21
52,25
52,41
52,39
52,21
52,21
52,36
52,21
52,50
52,21
52,37
52,22
52,31
52,25
52,51
52,39
52,51
52,25
52,66
52,41
52,17
52,38
52,35
52,55
52,40
52,49
52,44
52,55
52,49
52,35
52,55
52,31
52,24
52,28
52,44
52,54
52,32
52,35
52,54
52,66
52,28
52,74
52,39
52,54
52,32
52,50
52,34
52,28
52,28
52,28
52,68
52,66
52,43
52,45
52,41
52,35
52,28
52,28
52,43
52,28
52,39
52,43
52,28
52,33
52,32
52,34
52,57
53,48
53,48
53,32
53,46
53,31
53,33
53,49
53,49
53,46
53,31
53,33
53,31
53,46
53,33
53,33
53,49
53,46
53,31
53,46
53,49
53,49
53,46
53,50
53,49
53,39
53,50
53,37
53,50
53,46
53,30
53,50
53,33
53,51
53,33
53,45
53,30
53,30
53,51
53,51
53,45
53,51
53,33
53,45
53,52
53,29
53,39
53,37
53,52
53,29
53,52
53,29
53,53
53,53
53,28
53,53
53,28
53,53
53,28
53,28
53,53
53,44
53,39
53,34
53,44
53,28
53,54
53,54
53,54
53,44
53,54
53,28
53,44
53,44
53,39
53,44
53,39
53,35
53,55
53,34
53,35
53,43
53,56
53,56
53,27
53,56
53,26
53,57
53,57
53,57
53,43
53,58
53,58
53,58
53,58
53,42
53,25
53,59
53,59
53,35
53,25
53,43
53,25
53,43
53,25
53,43
53,25
53,25
53,43
53,39
53,35
53,25
53,35
53,35
53,35
53,35
53,39
53,35
53,35
53,43
53,43
53,35
53,35
53,35
53,39
53,42
53,35
53,38
53,35
53,35
53,42
53,24
53,35
53,35
53,35
53,60
53,60
53,24
53,24
53,42
53,39
53,39
53,42
53,42
53,61
53,42
53,61
53,61
53,39
53,62
53,62
53,23
53,63
53,63
53,41
53,41
53,21
53,21
53,21
53,39
53,64
53,21
53,41
53,21
53,21
53,21
53,21
53,21
53,39
53,41
53,21
53,64
53,64
53,65
53,41
53,41
53,65
53,37
53,65
53,20
53,41
53,37
53,66
53,66
53,20
53,66
53,36
53,67
53,39
53,67
53,37
53,67
53,67
53,67
53,40
53,18
53,18
53,18
53,18
53,18
53,18
53,40
53,18
53,40
53,40
53,40
53,18
53,69
53,40
53,69
53,70
53,40
53,72
53,39
53,16
53,37
53,73
53,38
53,40
53,74
53,74
53,76
53,77
53,12
53,11
53,11
53,11
53,80
53,37
53,10
53,80
53,81
53,38
53,32
53,32
53,32
53,32
53,32
53,32
53,47
53,32
53,32
53,32
53,32
53,32
53,47
53,32
53,32
53,32
53,47
53,47
53,32
53,48
54,42
54,32
54,60
54,35
54,32
54,59
54,46
54,35
54,24
54,42
54,70
54,35
54,37
54,42
54,59
54,25
54,25
54,25
54,58
54,58
54,72
54,40
54,43
54,42
54,49
54,31
54,31
54,16
54,39
54,46
54,42
54,57
54,43
54,43
54,73
54,30
54,26
54,32
54,30
54,14
54,14
54,32
54,43
54,43
54,55
54,27
54,43
54,43
54,37
54,32
54,55
54,34
54,34
54,43
54,44
54,44
54,28
54,44
54,46
54,32
54,39
54,28
54,39
54,28
54,11
54,32
54,38
54,46
54,46
54,28
54,28
54,52
54,28
54,28
54,32
54,46
54,32
54,28
54,44
54,28
54,46
54,39
54,33
54,52
54,29
54,45
54,39
54,52
54,37
54,19
54,29
54,64
54,38
54,52
54,41
54,20
54,63
54,40
54,51
54,21
54,21
54,63
54,21
54,29
54,36
54,51
54,19
54,41
54,41
54,36
54,35
54,51
54,51
54,51
54,35
54,36
54,50
54,48
54,30
54,36
54,30
54,38
54,22
54,41
54,23
54,50
54,23
54,41
54,18
54,37
54,18
54,18
54,23
54,45
54,61
54,35
54,41
54,50
54,48
54,30
54,61
54,46
54,40
54,41
54,47
54,35
54,49
54,47
54,48
54,35
54,35
54,46
54,23
54,35
54,60
54,32
54,42
54,33
54,32
54,69
55,44
55,7
55,11
55,14
55,14
55,14
55,16
55,17
55,18
55,18
55,18
55,18
55,18
55,19
55,20
55,20
55,20
55,21
55,21
55,21
55,21
55,21
55,21
55,22
55,24
55,25
55,25
55,25
55,25
55,25
55,25
55,25
55,25
55,25
55,25
55,25
55,25
55,25
55,26
55,26
55,26
55,27
55,27
55,28
55,28
55,28
55,28
55,28
55,28
55,28
55,28
55,28
55,28
55,28
55,29
55,29
55,29
55,30
55,30
55,31
55,32
55,32
55,32
55,32
55,32
55,32
55,32
55,32
55,32
55,33
55,33
55,33
55,33
55,34
55,34
55,35
55,35
55,35
55,35
55,35
55,35
55,35
55,35
55,35
55,35
55,35
55,35
55,35
55,36
55,36
55,37
55,36
55,37
55,37
55,37
55,37
55,37
55,38
55,38
55,38
55,39
55,39
55,39
55,39
55,39
55,39
55,40
55,40
55,40
55,40
55,41
55,42
55,42
55,42
55,43
55,43
55,43
55,43
55,43
55,44
55,44
55,45
55,45
55,45
55,46
55,47
55,48
55,49
55,49
55,50
55,50
55,50
55,50
55,51
55,52
55,52
55,52
55,53
55,53
55,53
55,53
55,53
55,54
55,54
55,54
55,55
55,55
55,55
55,57
55,58
55,61
55,63
55,64
55,66
55,66
55,67
55,69
55,71
55,71
55,72
55,73
56,44
56,21
56,38
56,25
56,31
56,44
56,65
56,40
56,37
56,46
56,29
56,25
56,35
56,39
56,49
56,30
56,29
56,78
56,32
56,44
56,50
56,65
56,49
56,53
56,36
56,63
56,37
56,33
56,41
56,37
56,32
56,60
56,16
56,44
56,48
56,50
56,37
56,18
56,44
56,36
56,44
56,25
56,39
56,32
56,59
56,5
56,56
56,32
56,39
56,53
56,39
56,30
56,27
56,44
56,39
56,39
56,34
56,31
56,39
56,37
56,30
56,33
56,56
56,33
56,44
56,52
56,61
56,39
56,35
56,15
56,32
56,33
56,44
56,39
56,21
56,29
56,37
56,25
56,63
56,25
56,34
56,43
56,37
56,72
56,25
56,33
56,43
56,57
56,18
56,42
56,25
56,34
56,56
56,28
56,62
56,28
56,41
56,34
56,32
56,21
56,55
56,19
56,52
56,21
56,52
56,18
56,43
56,47
56,21
56,35
56,16
56,46
56,62
56,46
56,64
56,18
56,31
56,57
56,42
56,28
56,18
56,31
56,32
56,28
56,28
56,21
56,34
56,37
56,34
56,40
56,76
56,25
56,38
56,45
56,28
56,32
56,47
56,55
56,25
56,19
56,18
56,32
56,66
56,32
56,34
56,21
56,25
56,32
56,28
56,45
56,71
56,22
56,29
56,43
56,31
56,32
56,47
56,58
56,57
56,27
56,43
56,37
56,55
56,57
56,64
56,35
56,37
56,49
56,51
56,37
56,61
56,39
56,31
56,19
56,52
57,28
57,28
57,34
57,34
57,40
57,21
57,45
57,21
57,21
57,28
57,34
57,28
57,21
57,28
57,25
57,21
57,34
57,37
57,56
57,34
57,40
57,50
57,54
57,41
57,70
57,50
57,41
57,72
57,28
57,50
57,28
57,41
57,28
57,56
57,28
57,14
57,37
57,44
57,47
57,31
57,30
57,38
57,26
57,32
57,24
57,32
57,38
57,38
57,32
57,32
57,36
57,38
57,32
57,32
57,66
57,38
57,47
57,26
57,32
57,63
57,32
57,37
57,64
57,67
57,32
57,57
57,58
57,31
57,58
57,31
57,46
57,46
57,39
57,54
57,39
57,39
57,26
57,29
57,67
57,32
57,62
57,39
57,33
57,29
57,53
57,37
57,35
57,43
57,39
57,58
57,64
57,58
57,45
57,39
57,56
57,53
57,58
57,9
57,39
57,35
57,53
57,46
57,35
57,49
57,35
57,18
57,35
57,35
57,43
57,35
57,18
57,18
57,35
57,35
57,52
57,16
57,39
57,43
57,43
57,49
57,35
57,43
57,33
57,33
57,76
57,46
57,23
57,43
57,54
57,33
57,68
57,23
57,18
57,49
57,11
57,40
57,35
57,12
57,45
57,35
57,31
57,45
57,69
57,40
57,40
57,49
57,35
57,40
57,31
57,35
57,12
57,42
57,51
57,61
57,33
57,42
57,49
57,74
57,40
57,33
57,46
57,26
57,37
57,34
57,42
57,33
57,40
57,70
57,49
57,50
57,15
57,42
57,34
57,28
57,25
58,47
58,43
58,38
58,33
58,57
58,29
58,30
58,56
58,35
58,59
58,52
58,15
58,30
58,38
58,56
58,48
58,52
58,47
58,53
58,25
58,25
58,29
58,68
58,25
58,65
58,49
58,18
58,40
58,17
58,45
58,40
58,47
58,44
58,47
58,28
58,51
58,61
58,31
58,22
58,31
58,46
58,36
58,45
58,36
58,46
58,28
58,42
58,36
58,40
58,49
58,54
58,61
58,42
58,68
58,18
58,75
58,29
58,42
58,36
58,69
58,33
58,40
58,19
58,41
58,72
58,49
58,40
58,41
58,44
58,28
58,28
58,37
58,24
58,33
58,33
58,40
58,34
58,49
58,28
58,24
58,73
58,55
58,15
58,61
58,43
58,50
58,32
58,58
58,43
58,32
58,29
58,51
58,44
58,40
58,62
58,51
58,56
58,28
58,25
58,38
58,64
58,25
58,43
58,32
58,74
58,62
58,50
58,69
58,23
58,35
58,43
58,28
58,19
58,25
58,34
58,35
58,30
58,47
58,28
58,18
58,33
58,43
58,50
58,29
58,50
58,21
58,49
58,32
58,43
58,35
58,32
58,21
58,35
58,32
58,42
58,32
58,46
58,51
58,37
58,43
58,43
58,38
58,46
58,64
58,60
58,35
58,33
58,16
58,43
58,35
58,52
58,19
58,58
58,18
58,39
58,45
58,73
58,39
58,73
58,35
58,19
58,29
58,53
58,39
58,24
58,35
58,58
58,69
58,50
58,74
58,35
58,40
58,43
58,39
58,32
58,31
58,28
58,41
58,40
58,42
59,43
59,44
59,36
59,44
59,31
59,30
59,18
59,18
59,44
59,30
59,36
59,18
59,30
59,64
59,45
59,53
59,53
59,35
59,37
59,36
59,35
59,23
59,53
59,53
59,36
59,57
59,36
59,35
59,35
59,53
59,36
59,35
59,53
59,25
59,38
59,53
59,23
59,38
59,52
59,38
59,52
59,52
59,79
59,57
59,38
59,52
59,52
59,35
59,52
59,38
59,58
59,58
59,52
59,52
59,52
59,26
59,26
59,58
59,58
59,39
59,51
59,75
59,26
59,34
59,39
59,39
59,39
59,39
59,39
59,39
59,26
59,39
59,34
59,74
59,50
59,25
59,37
59,40
59,59
59,21
59,25
59,21
59,34
59,21
59,21
59,21
59,27
59,21
59,40
59,50
59,40
59,25
59,50
59,21
59,33
59,27
59,59
59,33
59,27
59,36
59,40
59,33
59,50
59,33
59,14
59,60
59,71
59,60
59,49
59,33
59,14
59,28
59,49
59,33
59,41
59,20
59,14
59,33
59,41
59,69
59,69
59,49
59,15
59,20
59,37
59,28
59,41
59,28
59,48
59,61
59,48
59,42
59,28
59,28
59,61
59,68
59,25
59,28
59,55
59,48
59,48
59,32
59,28
59,32
59,32
59,28
59,32
59,42
59,32
59,16
59,32
59,28
59,32
59,43
59,19
59,28
59,62
59,43
59,42
59,43
59,42
59,47
59,43
59,43
59,43
59,47
59,16
59,29
59,47
59,31
59,62
59,47
59,31
59,31
59,44
59,46
59,46
59,46
59,46
59,44
59,46
59,37
59,25
59,44
59,44
59,44
59,45
59,31
59,45
59,31
59,31
60,16
60,31
60,57
60,46
60,37
60,27
60,61
60,45
60,50
60,41
60,53
60,52
60,38
60,34
60,56
60,29
60,25
60,38
60,35
60,37
60,52
60,52
60,46
60,29
60,38
60,7
60,57
60,29
60,35
60,25
60,29
60,24
60,64
60,43
60,42
60,18
60,66
60,52
60,42
60,35
60,55
60,52
60,14
60,57
60,64
60,44
60,35
60,28
60,28
60,21
60,43
60,40
60,43
60,43
60,28
60,21
60,28
60,52
60,39
60,39
60,44
60,57
60,68
60,19
60,28
60,28
60,28
60,44
60,31
60,35
60,72
60,21
60,54
60,19
60,55
60,57
60,28
60,38
60,28
60,40
60,42
60,29
60,29
60,56
60,43
60,12
60,39
60,28
60,57
60,14
60,18
60,48
60,39
60,28
60,28
60,33
60,32
60,60
60,35
60,21
60,14
60,40
60,48
60,39
60,32
60,25
60,51
60,40
60,35
60,21
60,32
60,49
60,33
60,74
60,40
60,41
60,49
60,33
60,36
60,32
60,53
60,40
60,68
60,37
60,33
60,21
60,21
60,49
60,28
60,67
60,33
60,14
60,58
60,37
60,35
60,35
60,54
60,26
60,13
60,26
60,67
60,60
60,58
60,21
60,71
60,25
60,24
60,40
60,44
60,40
60,34
60,35
60,41
60,58
60,45
60,54
60,41
60,26
60,39
60,50
60,35
60,44
60,45
60,36
60,58
60,51
60,14
60,58
60,33
60,32
60,32
60,51
60,41
60,41
60,20
60,34
60,35
60,32
60,24
60,38
60,58
60,35
60,32
60,25
60,18
60,25
60,38
60,55
60,18
60,56
60,62
60,25
60,67
60,43
60,55
60,56
60,48
60,14
60,39
60,32
60,47
60,42
60,29
60,39
60,48
60,43
60,25
60,25
60,23
60,55
60,50
60,51
60,46
60,27
60,26
60,46
60,40
60,46
60,40
60,21
60,18
60,56
60,42
60,23
61,48
61,32
61,40
61,49
61,39
61,40
61,33
61,40
61,26
61,39
61,48
61,32
61,39
61,39
61,50
61,40
61,54
61,40
61,32
61,45
61,27
61,39
61,39
61,53
61,60
61,60
61,35
61,32
61,32
61,39
61,58
61,38
61,54
61,21
61,32
61,41
61,32
61,41
61,54
61,32
61,63
61,34
61,32
61,45
61,38
61,44
61,41
61,26
61,53
61,41
61,21
61,29
61,60
61,21
61,29
61,35
61,55
61,21
61,75
61,54
61,38
61,34
61,67
61,35
61,41
61,47
61,47
61,41
61,17
61,38
61,47
61,47
61,30
61,51
61,19
61,25
61,57
61,35
61,47
61,29
61,55
61,47
61,64
61,25
61,29
61,25
61,25
61,25
61,61
61,51
61,4
61,25
61,28
61,18
61,42
61,52
61,46
61,42
61,52
61,55
61,42
61,53
61,52
61,80
61,25
61,22
61,28
61,18
61,35
61,36
61,46
61,56
61,28
61,43
61,31
61,37
61,46
61,28
61,28
61,35
61,25
61,28
61,43
61,64
61,25
61,25
61,29
61,37
61,28
61,25
61,56
61,31
61,35
61,25
61,28
61,53
61,45
61,35
61,43
61,36
61,35
61,40
61,43
61,13
61,23
61,49
61,35
61,32
61,70
61,63
61,62
61,59
61,40
61,27
61,39
61,32
61,70
61,49
61,11
61,59
61,40
61,39
61,48
61,39
62,47
62,61
62,58
62,34
62,28
62,28
62,21
62,35
62,57
62,28
62,18
62,44
62,48
62,59
62,50
62,50
62,61
62,25
62,53
62,51
62,32
62,52
62,37
62,39
62,41
62,29
62,11
62,28
62,45
62,28
62,39
62,49
62,43
62,47
62,42
62,52
62,26
62,14
62,39
62,50
62,48
62,61
62,43
62,35
62,32
62,14
62,32
62,28
62,41
62,47
62,60
62,43
62,42
62,48
62,25
62,28
62,43
62,25
62,45
62,49
62,52
62,28
62,66
62,21
62,25
62,28
62,36
62,63
62,28
62,34
62,62
62,55
62,48
62,36
62,29
62,45
62,23
62,51
62,41
62,43
62,31
62,35
62,35
62,29
62,44
62,56
62,53
62,28
62,44
62,36
62,28
62,39
62,33
62,44
62,33
62,74
62,44
62,70
62,50
62,23
62,33
62,38
62,44
62,21
62,38
62,49
62,50
62,41
62,11
62,38
62,33
62,32
62,39
62,49
62,55
62,32
62,37
62,31
62,36
62,35
62,39
62,24
62,37
62,18
62,56
62,46
62,18
62,51
62,37
62,36
62,18
62,62
62,31
62,58
62,41
62,31
62,49
62,51
62,37
62,29
62,53
62,24
62,55
62,50
62,32
62,28
62,61
62,5
62,27
62,82
62,51
62,46
62,29
62,52
62,44
62,36
62,42
62,34
62,37
62,62
62,63
62,46
62,27
62,32
62,37
62,66
62,67
62,35
62,40
62,35
62,35
62,28
62,29
62,37
62,30
62,38
62,28
62,47
62,44
62,52
62,47
63,53
63,53
63,53
63,23
63,23
63,34
63,35
63,34
63,37
63,37
63,79
63,37
63,33
63,37
63,37
63,35
63,35
63,37
63,73
63,73
63,72
63,38
63,38
63,33
63,38
63,38
63,72
63,35
63,38
63,38
63,71
63,71
63,32
63,39
63,39
63,12
63,39
63,32
63,32
63,32
63,39
63,32
63,32
63,32
63,32
63,68
63,39
63,39
63,68
63,40
63,67
63,40
63,35
63,40
63,35
63,40
63,66
63,41
63,41
63,40
63,40
63,40
63,31
63,14
63,41
63,41
63,15
63,30
63,65
63,65
63,41
63,64
63,42
63,42
63,42
63,30
63,64
63,30
63,42
63,42
63,63
63,42
63,43
63,43
63,43
63,29
63,35
63,43
63,43
63,29
63,63
63,28
63,16
63,44
63,44
63,62
63,28
63,28
63,28
63,36
63,62
63,28
63,44
63,28
63,28
63,28
63,44
63,62
63,45
63,61
63,61
63,61
63,61
63,28
63,45
63,28
63,27
63,60
63,18
63,46
63,46
63,27
63,60
63,46
63,60
63,47
63,59
63,47
63,19
63,59
63,26
63,26
63,48
63,58
63,48
63,26
63,58
63,26
63,58
63,35
63,49
63,49
63,25
63,57
63,25
63,25
63,50
63,25
63,25
63,25
63,57
63,50
63,34
63,25
63,25
63,50
63,35
63,51
63,56
63,56
63,51
63,56
63,22
63,51
63,51
63,55
63,36
63,24
63,55
63,52
63,55
63,52
63,52
63,52
63,52
63,52
63,35
63,53
63,55
64,43
64,35
64,54
64,68
64,39
64,19
64,31
64,26
64,29
64,46
64,39
64,54
64,67
64,19
64,40
64,44
64,54
64,40
64,46
64,40
64,31
64,26
64,44
64,40
64,66
64,52
64,29
64,23
64,43
64,35
64,35
64,36
64,42
64,51
64,61
64,51
64,42
64,34
64,42
64,55
64,55
64,44
64,28
64,51
64,34
64,63
64,61
64,36
64,44
64,24
64,23
64,52
64,36
64,51
64,51
64,45
64,52
64,81
64,24
64,43
64,51
64,51
64,21
64,53
64,21
64,51
64,51
64,33
64,63
64,56
64,51
64,37
64,33
64,50
64,33
64,76
64,33
64,33
64,64
64,44
64,50
64,44
64,41
64,43
64,37
64,14
64,50
64,30
64,52
64,53
64,35
64,41
64,30
64,33
64,25
64,36
64,45
64,25
64,20
64,45
64,62
64,35
64,37
64,44
64,25
64,35
64,25
64,35
64,34
64,45
64,43
64,25
64,35
64,45
64,65
64,49
64,28
64,46
64,41
64,61
64,57
64,28
64,65
64,38
64,32
64,32
64,25
64,32
64,32
64,41
64,32
64,48
64,32
64,43
64,32
64,38
64,62
64,32
64,38
64,48
64,32
64,22
64,26
64,32
64,26
64,48
64,43
64,48
64,32
64,58
64,26
64,12
64,65
64,39
64,39
64,39
64,40
64,48
64,39
64,39
64,39
64,39
64,31
64,39
64,59
64,59
64,35
64,59
64,47
65,52
65,54
65,39
65,47
65,11
65,56
65,18
65,18
65,28
65,44
65,30
65,53
65,26
65,39
65,50
65,25
65,32
65,39
65,25
65,39
65,7
65,37
65,50
65,31
65,56
65,53
65,39
65,67
65,56
65,37
65,37
65,40
65,40
65,14
65,50
65,30
65,40
65,32
65,32
65,73
65,26
65,30
65,47
65,32
65,46
65,71
65,35
65,47
65,34
65,66
65,46
65,46
65,32
65,35
65,42
65,56
65,32
65,42
65,56
65,51
65,37
65,61
65,40
65,49
65,28
65,21
65,38
65,37
65,21
65,30
65,56
65,28
65,58
65,52
65,49
65,22
65,38
65,21
65,21
65,63
65,49
65,45
65,55
65,55
65,48
65,43
65,35
65,55
65,28
65,28
65,51
65,21
65,37
65,32
65,51
65,53
65,44
65,33
65,18
65,42
65,49
65,15
65,72
65,62
65,42
65,35
65,35
65,65
65,24
65,49
65,47
65,52
65,28
65,46
65,53
65,49
65,38
65,25
65,48
65,42
65,57
65,60
65,46
65,28
65,22
65,78
65,63
65,57
65,77
65,47
65,27
65,27
65,25
65,65
65,50
65,29
65,63
65,38
65,41
65,41
65,32
65,33
65,54
65,48
65,42
65,62
65,36
65,43
65,18
65,36
65,88
65,57
65,64
65,31
65,31
66,54
66,21
66,42
66,43
66,62
66,28
66,28
66,62
66,22
66,28
66,28
66,28
66,28
66,43
66,41
66,41
66,60
66,14
66,41
66,60
66,41
66,41
66,29
66,41
66,60
66,63
66,63
66,41
66,27
66,14
66,35
66,44
66,44
66,45
66,34
66,64
66,29
66,64
66,40
66,40
66,40
66,29
66,26
66,45
66,59
66,45
66,29
66,45
66,40
66,13
66,45
66,65
66,46
66,46
66,65
66,26
66,46
66,59
66,46
66,58
66,46
66,26
66,46
66,26
66,26
66,39
66,66
66,39
66,66
66,46
66,21
66,38
66,58
66,68
66,58
66,51
66,47
66,38
66,11
66,57
66,47
66,47
66,48
66,47
66,19
66,48
66,25
66,25
66,70
66,53
66,19
66,48
66,70
66,48
66,57
66,37
66,25
66,32
66,57
66,54
66,37
66,52
66,37
66,56
66,52
66,25
66,32
66,48
66,56
66,48
66,32
66,56
66,32
66,32
66,32
66,32
66,32
66,32
66,49
66,32
66,49
66,49
66,32
66,37
66,49
66,22
66,37
66,49
66,56
66,37
66,53
66,7
66,55
66,83
66,83
66,36
66,20
66,22
66,50
66,76
66,55
66,52
66,35
66,82
66,35
66,33
66,34
66,35
66,34
66,33
66,35
66,35
66,35
66,35
66,52
66,35
66,33
66,51
66,35
66,21
66,33
66,21
66,43
66,62
66,43
66,42
66,42
66,43
66,21
66,43
66,42
66,61
66,43
66,61
66,23
66,28
66,28
66,28
66,62
66,42
66,43
67,32
67,61
67,53
67,14
67,21
67,36
67,74
67,29
67,32
67,21
67,64
67,66
67,29
67,43
67,73
67,57
67,24
67,58
67,25
67,42
67,43
67,51
67,32
67,82
67,40
67,51
67,38
67,29
67,49
67,73
67,40
67,66
67,56
67,73
67,25
67,60
67,51
67,36
67,38
67,48
67,38
67,60
67,30
67,41
67,57
67,47
67,28
67,34
67,48
67,56
67,34
67,53
67,59
67,26
67,42
67,30
67,46
67,32
67,36
67,58
67,47
67,57
67,30
67,66
67,57
67,37
67,22
67,39
67,39
67,51
67,25
67,53
67,43
67,64
67,39
67,45
67,35
67,62
67,58
67,52
67,22
67,40
67,40
67,45
67,54
67,35
67,38
67,21
67,33
67,53
67,28
67,26
67,43
67,34
67,54
67,47
67,54
67,28
67,60
67,60
67,28
67,28
67,38
67,43
67,58
67,33
67,59
67,29
67,67
67,43
67,45
67,54
67,42
67,34
67,45
67,28
67,54
67,67
67,34
67,70
67,47
67,43
67,62
67,35
67,59
67,44
67,50
67,43
67,29
67,64
67,31
67,50
67,50
67,29
67,89
67,35
67,25
67,46
67,40
67,43
67,56
67,35
67,35
67,44
67,40
67,31
67,29
67,50
67,76
67,46
67,36
67,60
67,48
67,71
67,66
67,26
67,41
67,63
67,55
67,41
67,36
67,38
67,48
67,28
67,49
67,48
67,56
67,60
67,25
67,36
68,34
68,39
68,46
68,41
68,45
68,51
68,21
68,37
68,68
68,22
68,64
68,45
68,39
68,39
68,57
68,61
68,59
68,21
68,37
68,52
68,31
68,45
68,24
68,51
68,44
68,59
68,69
68,31
68,53
68,53
68,69
68,14
68,47
68,42
68,70
68,61
68,37
68,47
68,19
68,48
68,27
68,37
68,28
68,48
68,56
68,40
68,71
68,71
68,36
68,59
68,59
68,71
68,43
68,56
68,42
68,48
68,42
68,42
68,48
68,31
68,48
68,63
68,48
68,44
68,16
68,36
68,43
68,48
68,44
68,24
68,48
68,72
68,33
68,48
68,26
68,14
68,26
68,55
68,53
68,44
68,63
68,28
68,41
68,49
68,21
68,32
68,40
68,73
68,23
68,74
68,74
68,40
68,36
68,36
68,23
68,63
68,49
68,49
68,49
68,49
68,35
68,23
68,53
68,35
68,35
68,35
68,49
68,76
68,49
68,75
68,40
68,32
68,54
68,32
68,32
68,26
68,32
68,14
68,44
68,49
68,32
68,35
68,28
68,32
68,43
68,28
68,32
68,41
68,60
68,27
68,53
68,40
68,50
68,43
68,41
68,60
68,54
68,43
68,32
68,54
68,52
68,60
68,32
68,41
68,22
68,29
68,45
68,46
68,21
68,65
68,33
68,65
68,25
68,45
68,62
68,38
68,45
68,50
68,39
68,25
68,33
68,38
68,60
68,39
68,38
68,39
68,45
68,66
68,39
68,58
68,39
68,38
68,65
68,57
68,29
68,39
68,58
68,45
68,58
68,45
68,38
68,67
68,25
68,46
68,12
69,53
69,63
69,31
69,28
69,49
69,51
69,25
69,35
69,52
69,58
69,62
69,75
69,35
69,54
69,25
69,37
69,39
69,63
69,50
69,44
69,49
69,26
69,39
69,49
69,64
69,54
69,18
69,18
69,40
69,37
69,36
69,51
69,40
69,44
69,39
69,39
69,70
69,77
69,62
69,30
69,61
69,67
69,28
69,62
69,40
69,37
69,51
69,41
69,35
69,46
69,42
69,53
69,32
69,37
69,51
69,51
69,21
69,63
69,32
69,28
69,47
69,43
69,28
69,37
69,33
69,46
69,82
69,44
69,51
69,53
69,32
69,50
69,43
69,28
69,22
69,32
69,37
69,37
69,44
69,18
69,32
69,42
69,33
69,33
69,53
69,51
69,25
69,25
69,53
69,56
69,48
69,44
69,28
69,18
69,61
69,45
69,41
69,48
69,39
69,52
69,41
69,68
69,50
69,31
69,59
69,40
69,35
69,23
69,63
69,31
69,52
69,29
69,36
69,33
69,57
69,72
69,25
69,59
69,31
69,72
69,47
69,51
69,35
69,55
69,47
69,73
69,73
69,33
69,21
69,51
69,23
69,31
69,55
69,48
69,42
69,70
69,37
69,46
69,33
69,44
69,52
69,40
69,41
69,46
69,74
69,54
69,56
69,52
69,70
69,26
69,48
69,42
70,45
70,30
70,28
70,54
70,52
70,56
70,47
70,32
70,48
70,51
70,48
70,40
70,57
70,61
70,48
70,32
70,37
70,60
70,62
70,52
70,21
70,33
70,73
70,38
70,50
70,70
70,19
70,41
70,31
70,43
70,37
70,50
70,25
70,88
70,46
70,29
70,45
70,46
70,50
70,59
70,44
70,39
70,40
70,28
70,68
70,30
70,45
70,75
70,47
70,36
70,35
70,52
70,39
70,25
70,54
70,47
70,50
70,38
70,61
70,25
70,22
70,60
70,62
70,60
70,77
70,43
70,43
70,43
70,35
70,66
70,65
70,54
70,44
70,40
70,40
70,43
70,62
70,68
70,79
70,21
70,34
70,46
70,30
70,43
70,49
70,58
70,69
70,47
70,56
70,58
70,71
70,11
70,61
70,45
70,73
70,39
70,28
70,18
70,32
70,43
70,62
70,62
70,53
70,63
70,55
70,14
70,30
70,35
70,18
70,42
70,39
70,58
70,47
70,52
70,64
70,52
70,66
70,51
70,14
70,53
70,14
70,18
70,35
70,26
70,56
70,40
70,35
70,34
70,25
70,51
70,67
70,50
70,42
70,41
70,36
70,46
70,40
70,49
70,24
70,55
70,55
70,58
70,61
70,51
70,44
70,46
70,50
70,26
70,52
71,42
71,32
71,33
71,32
71,33
71,32
71,32
71,32
71,34
71,31
71,34
71,30
71,35
71,35
71,35
71,30
71,35
71,35
71,35
71,36
71,36
71,36
71,37
71,37
71,37
71,29
71,28
71,37
71,28
71,28
71,28
71,28
71,28
71,28
71,28
71,28
71,38
71,38
71,38
71,38
71,38
71,38
71,39
71,28
71,39
71,39
71,39
71,39
71,40
71,27
71,27
71,40
71,40
71,26
71,26
71,26
71,41
71,41
71,41
71,42
71,25
71,43
71,25
71,43
71,43
71,25
71,43
71,44
71,44
71,24
71,45
71,45
71,45
71,45
71,46
71,46
71,46
71,46
71,46
71,46
71,23
71,47
71,85
71,47
71,47
71,48
71,47
71,48
71,49
71,49
71,49
71,21
71,21
71,49
71,49
71,50
71,21
71,52
71,53
71,53
71,54
71,54
71,54
71,18
71,54
71,54
71,55
71,55
71,55
71,55
71,55
71,55
71,55
71,56
71,56
71,56
71,57
71,57
71,58
71,58
71,58
71,58
71,58
71,14
71,59
71,59
71,59
71,59
71,59
71,60
71,60
71,61
71,61
71,62
71,62
71,62
71,62
71,64
71,64
71,65
71,65
71,65
71,65
71,66
71,67
71,67
71,68
71,69
71,69
71,71
71,72
71,74
71,74
72,29
72,51
72,30
72,53
72,45
72,19
72,38
72,14
72,14
72,34
72,41
72,25
72,29
72,52
72,43
72,43
72,43
72,57
72,70
72,53
72,25
72,58
72,43
72,55
72,73
72,49
72,37
72,45
72,51
72,65
72,66
72,21
72,61
72,56
72,39
72,40
72,65
72,32
72,37
72,71
72,60
72,48
72,85
72,38
72,40
72,50
72,14
72,57
72,37
72,45
72,56
72,53
72,39
72,36
72,63
72,66
72,55
72,60
72,52
72,44
72,58
72,32
72,53
72,42
72,32
72,51
72,45
72,29
72,24
72,60
72,61
72,57
72,35
72,61
72,33
72,34
72,52
72,35
72,32
72,41
72,40
72,60
72,49
72,59
72,33
72,37
72,26
72,32
72,69
72,32
72,51
72,33
72,52
72,46
72,64
72,37
72,55
72,43
72,33
72,57
72,21
72,28
72,28
72,57
72,56
72,33
72,76
72,66
72,23
72,43
72,39
72,46
72,41
72,53
72,40
72,46
72,29
72,81
72,75
72,11
72,34
72,38
72,35
72,39
72,49
72,45
72,34
72,44
72,33
72,16
72,44
72,43
72,54
72,49
72,46
72,48
72,43
72,39
72,15
72,60
72,31
73,35
73,40
73,36
73,39
73,31
73,66
73,32
73,40
73,44
73,56
73,52
73,49
73,65
73,56
73,28
73,12
73,36
73,65
73,44
73,28
73,44
73,56
73,39
73,39
73,48
73,51
73,78
73,40
73,40
73,59
73,33
73,40
73,40
73,25
73,40
73,75
73,50
73,34
73,51
73,74
73,74
73,25
73,48
73,34
73,21
73,38
73,49
73,60
73,60
73,38
73,26
73,32
73,48
73,62
73,72
73,25
73,58
73,27
73,48
73,41
73,53
73,39
73,34
73,62
73,47
73,30
73,60
73,47
73,42
73,18
73,18
73,58
73,85
73,47
73,47
73,42
73,71
73,71
73,60
73,63
73,34
73,47
73,59
73,37
73,63
73,33
73,46
73,82
73,53
73,63
73,32
73,54
73,59
73,42
73,63
73,64
73,29
73,34
73,46
73,57
73,28
73,54
73,37
73,54
73,64
73,22
73,69
73,46
73,29
73,43
73,50
73,45
73,43
73,64
73,57
73,54
73,45
73,28
73,57
73,45
73,35
73,55
73,32
73,55
73,35
73,49
73,26
73,9
74,46
74,21
74,52
74,32
74,47
74,35
74,67
74,82
74,52
74,57
74,32
74,22
74,33
74,69
74,69
74,55
74,50
74,34
74,48
74,73
74,67
74,39
74,82
74,36
74,49
74,35
74,28
74,38
74,30
74,60
74,50
74,60
74,76
74,49
74,28
74,63
74,28
74,38
74,36
74,64
74,48
74,52
74,77
74,25
74,52
74,43
74,49
74,28
74,78
74,35
74,30
74,78
74,34
74,55
74,42
74,38
74,28
74,48
74,25
74,25
74,32
74,59
74,52
74,52
74,53
74,80
74,24
74,81
74,71
74,58
74,51
74,31
74,43
74,35
74,50
74,60
74,53
74,47
74,23
74,32
74,52
74,45
74,27
74,56
74,65
74,36
74,72
74,45
74,44
74,21
74,43
74,50
74,52
74,56
74,28
74,18
74,38
74,37
74,52
74,49
74,50
74,21
74,51
74,30
74,36
74,36
74,47
74,59
74,47
74,72
74,36
74,47
74,26
74,44
74,57
74,50
74,47
74,46
74,48
74,32
74,48
74,49
74,50
74,37
75,85
75,39
75,39
75,39
75,59
75,32
75,38
75,50
75,48
75,51
75,48
75,50
75,51
75,19
75,51
75,78
75,78
75,48
75,51
75,48
75,30
75,74
75,74
75,73
75,29
75,33
75,33
75,71
75,47
75,51
75,52
75,29
75,71
75,52
75,32
75,33
75,33
75,46
75,29
75,53
75,46
75,70
75,53
75,29
75,34
75,69
75,21
75,22
75,68
75,34
75,34
75,54
75,54
75,34
75,44
75,66
75,32
75,28
75,55
75,22
75,55
75,44
75,65
75,16
75,55
75,44
75,55
75,65
75,65
75,55
75,23
75,35
75,35
75,43
75,64
75,43
75,43
75,36
75,56
75,42
75,36
75,63
75,23
75,56
75,57
75,57
75,62
75,62
75,32
75,57
75,32
75,37
75,41
75,37
75,57
75,62
75,37
75,37
75,40
75,37
75,40
75,27
75,61
75,40
75,37
75,81
75,37
75,26
75,40
75,58
75,38
75,58
75,38
75,32
75,40
75,26
75,58
75,25
75,40
75,38
75,32
75,59
75,60
75,40
76,69
76,21
76,35
76,28
76,28
76,28
76,21
76,63
76,53
76,34
76,32
76,68
76,50
76,45
76,56
76,28
76,47
76,23
76,28
76,45
76,45
76,48
76,68
76,56
76,53
76,68
76,48
76,46
76,33
76,52
76,50
76,57
76,81
76,57
76,23
76,84
76,33
76,50
76,62
76,50
76,52
76,57
76,29
76,62
76,39
76,71
76,46
76,40
76,19
76,57
76,61
76,71
76,37
76,25
76,51
76,81
76,47
76,50
76,47
76,60
76,47
76,37
76,29
76,58
76,51
76,74
76,74
76,51
76,40
76,51
76,47
76,76
76,37
76,39
76,37
76,59
76,25
76,38
76,59
76,47
76,55
76,35
76,31
76,48
76,43
76,39
76,55
76,65
76,48
76,43
76,25
76,44
76,51
76,35
76,66
76,77
76,48
76,44
76,54
76,54
76,44
76,54
76,18
76,31
76,35
76,66
76,67
76,67
76,23
76,56
76,67
76,56
76,67
77,44
77,18
77,53
77,64
77,44
77,65
77,50
77,48
77,50
77,31
77,47
77,50
77,38
77,35
77,44
77,26
77,46
77,78
77,68
77,56
77,34
77,51
77,45
77,47
77,26
77,49
77,46
77,45
77,39
77,42
77,68
77,60
77,68
77,51
77,47
77,33
77,52
77,36
77,43
77,68
77,53
77,40
77,48
77,14
77,72
77,68
77,47
77,28
77,38
77,22
77,45
77,42
77,28
77,63
77,33
77,77
77,39
77,24
77,39
77,68
77,20
77,48
77,44
77,41
77,34
77,50
77,36
77,42
77,62
77,29
77,58
77,57
77,49
77,45
77,16
77,55
77,47
77,43
77,43
77,25
77,80
77,31
77,70
77,46
77,20
77,59
77,48
77,66
77,43
77,37
77,32
77,50
77,46
77,59
77,47
77,39
77,70
77,46
77,51
77,40
77,61
77,52
77,37
77,51
77,28
77,67
77,37
77,37
77,46
77,51
78,28
78,50
78,47
78,47
78,50
78,51
78,46
78,51
78,45
78,52
78,45
78,45
78,45
78,52
78,53
78,21
78,86
78,42
78,42
78,21
78,54
78,42
78,55
78,55
78,41
78,31
78,22
78,56
78,56
78,56
78,56
78,31
78,39
78,39
78,39
78,39
78,39
78,39
78,38
78,59
78,59
78,25
78,37
78,37
78,59
78,60
78,60
78,60
78,80
78,61
78,35
78,26
78,62
78,35
78,35
78,35
78,35
78,35
78,64
78,34
78,64
78,65
78,34
78,66
78,66
78,78
78,68
78,28
78,32
78,79
78,32
78,72
78,73
78,77
78,31
78,49
78,49
78,18
78,49
78,49
78,50
79,43
79,46
79,67
79,35
79,28
79,65
79,28
79,72
79,47
79,39
79,72
79,72
79,57
79,50
79,59
79,58
79,38
79,41
79,46
79,55
79,50
79,59
79,33
79,40
79,55
79,57
79,42
79,49
79,33
79,44
79,41
79,50
79,51
79,32
79,43
79,49
79,41
79,35
79,44
79,44
79,48
79,42
79,59
79,69
79,55
79,51
79,69
79,31
79,49
79,43
79,53
79,43
79,65
79,44
79,44
79,63
79,39
79,44
79,54
79,60
79,44
79,64
79,36
79,48
79,39
79,42
79,58
79,53
79,29
79,53
79,53
79,81
79,41
79,52
79,53
79,38
79,59
79,60
79,66
79,33
79,46
79,60
79,25
79,28
79,63
79,67
79,48
79,28
79,25
79,75
79,37
79,44
79,35
79,50
79,38
79,47
79,28
80,43
80,58
80,42
80,42
80,26
80,48
80,37
80,59
80,56
80,38
80,57
80,59
80,58
80,56
80,56
80,49
80,38
80,28
80,46
80,39
80,35
80,77
80,77
80,35
80,77
80,46
80,35
80,35
80,50
80,46
80,39
80,39
80,75
80,39
80,60
80,50
80,72
80,60
80,72
80,57
80,50
80,84
80,55
80,45
80,61
80,50
80,55
80,69
80,55
80,45
80,32
80,61
80,44
80,27
80,32
80,32
80,40
80,29
80,55
80,40
80,19
80,62
80,54
80,41
80,21
80,26
80,34
80,66
80,66
80,43
80,28
80,52
80,65
80,63
80,63
81,34
81,69
81,67
81,43
81,54
81,28
81,51
81,62
81,45
81,53
81,70
81,70
81,57
81,25
81,71
81,42
81,47
81,46
81,41
81,73
81,29
81,74
81,25
81,49
81,62
81,42
81,48
81,38
81,19
81,62
81,58
81,38
81,66
81,35
81,46
81,32
81,38
81,63
81,43
81,52
81,41
81,64
81,69
81,47
81,49
81,34
81,61
81,57
81,27
81,87
81,34
81,58
81,44
81,68
81,33
81,40
81,48
81,36
81,51
81,38
81,37
81,40
81,52
81,35
81,47
81,67
81,56
81,61
81,63
81,44
82,79
82,37
82,36
82,35
82,58
82,56
82,49
82,59
82,59
82,59
82,38
82,60
82,39
82,60
82,60
82,39
82,48
82,60
82,39
82,60
82,54
82,61
82,78
82,62
82,62
82,62
82,62
82,33
82,26
82,26
82,47
82,20
82,32
82,65
82,65
82,43
82,51
82,43
82,31
82,51
82,67
82,31
82,67
82,68
82,82
82,50
82,50
82,46
82,45
82,71
82,49
82,72
82,16
82,49
82,74
82,49
82,76
82,48
82,47
82,36
82,79
82,47
83,58
83,22
83,69
83,39
83,46
83,39
83,39
83,60
83,51
83,46
83,32
83,51
83,57
83,42
83,80
83,42
83,46
83,36
83,83
83,65
83,45
83,48
83,48
83,59
83,45
83,65
83,74
83,65
83,33
83,80
83,45
83,59
83,56
83,62
83,74
83,53
83,48
83,43
83,72
83,72
83,64
83,64
83,59
83,41
83,43
83,99
83,45
83,80
83,55
83,34
83,70
83,37
83,67
83,67
83,41
83,39
83,31
83,60
84,61
84,69
84,41
84,67
84,24
84,44
84,44
84,39
84,44
84,68
84,77
84,51
84,41
84,58
84,46
84,35
84,62
84,57
84,70
84,72
84,28
84,21
84,28
84,24
84,28
84,58
84,59
84,70
84,65
84,40
84,29
84,42
84,40
84,48
84,77
84,39
84,54
84,71
84,65
84,67
84,65
84,67
84,54
84,48
84,56
84,42
84,57
84,53
85,43
85,39
85,66
85,71
85,56
85,63
85,44
85,53
85,50
85,50
85,38
85,77
85,52
85,45
85,39
85,42
85,46
85,78
85,72
85,60
85,40
85,60
85,61
85,82
85,54
85,32
85,51
85,60
85,48
85,14
85,40
85,26
85,35
86,54
86,63
86,61
86,51
86,25
86,50
86,65
86,42
86,39
86,49
86,65
86,66
86,53
86,53
86,67
86,49
86,38
86,53
86,68
86,27
86,48
86,69
86,58
86,48
86,71
86,71
86,33
86,58
86,54
86,44
86,47
86,33
86,26
86,48
86,54
86,44
86,40
86,51
87,26
87,62
87,38
87,57
87,69
87,48
87,77
87,40
87,60
87,58
87,29
87,82
87,73
87,57
87,14
87,35
87,41
87,45
87,67
87,47
87,43
87,48
87,77
87,43
87,74
87,58
87,61
87,40
87,47
87,76
87,50
87,78
87,48
87,63
87,41
87,69
87,50
87,33
87,30
87,70
87,29
87,62
87,83
87,60
87,63
87,62
87,33
87,26
88,55
88,52
88,79
88,36
88,62
88,43
88,51
88,53
88,53
88,81
88,52
88,55
88,70
88,39
88,51
88,70
88,59
88,59
88,35
88,72
88,44
88,38
89,41
89,67
89,46
89,76
89,54
89,44
89,54
89,68
89,76
89,86
89,47
89,72
89,72
89,63
89,66
89,58
89,43
89,55
89,57
89,57
90,53
90,57
90,65
90,68
90,47
90,57
90,45
90,33
90,64
90,34
90,62
90,70
90,32
90,57
90,40
90,43
90,35
90,77
90,35
90,39
90,50
90,53
90,42
90,47
90,47
91,47
91,53
91,67
91,46
91,35
91,43
91,57
91,63
91,60
91,74
91,70
91,67
91,46
91,35
91,48
91,28
91,47
91,58
91,51
91,65
91,67
92,46
92,51
92,84
92,64
92,67
92,82
93,57
93,45
93,60
93,32
93,50
94,83
94,59
94,53
94,39
94,67
94,76
94,63
94,60
95,37
95,58
95,42
95,60
95,43
95,93
95,33
95,64
95,60
96,66
97,39
97,86
97,93
97,42
99,60
